,step,temp,sat,sat_num,unsat_num,weight
0,1,400.0,0,77,14,1520
1,2,398.0,0,74,17,1364
2,3,396.01,0,77,14,1520
3,4,394.02995,0,75,16,1753
4,5,392.05980025,0,77,14,1714
5,6,390.09950124875,0,80,11,1675
6,7,388.1490037425062,0,80,11,1481
7,8,386.2082587237937,0,77,14,1325
8,9,384.2772174301747,0,75,16,1324
9,10,382.3558313430238,0,76,15,1207
10,11,380.4440521863087,0,77,14,1401
11,12,378.5418319253772,0,78,13,1090
12,13,376.6491227657503,0,77,14,1401
13,14,374.76587715192153,0,77,14,1400
14,15,372.8920477661619,0,78,13,1089
15,16,371.0275875273311,0,81,10,1090
16,17,369.17244958969445,0,83,8,1091
17,18,367.326587341746,0,82,9,1402
18,19,365.4899544050373,0,82,9,1713
19,20,363.6625046330121,0,78,13,1712
20,21,361.84419210984703,0,76,15,1829
21,22,360.0349711492978,0,79,12,1751
22,23,358.2347962935513,0,79,12,1790
23,24,356.4436223120836,0,77,14,1791
24,25,354.6614042005231,0,75,16,2102
25,26,352.8880971795205,0,75,16,2374
26,27,351.12365669362293,0,80,11,2335
27,28,349.36803841015484,0,80,11,2218
28,29,347.62119821810404,0,79,12,1985
29,30,345.8830922270135,0,79,12,2024
30,31,344.1536767658784,0,79,12,1985
31,32,342.432908382049,0,81,10,1674
32,33,340.7207438401388,0,78,13,1752
33,34,339.01714012093805,0,79,12,1751
34,35,337.32205442033336,0,80,11,1479
35,36,335.63544414823167,0,81,10,1480
36,37,333.95726692749054,0,79,12,1519
37,38,332.28748059285306,0,78,13,1791
38,39,330.6260431898888,0,78,13,2024
39,40,328.97291297393934,0,77,14,1985
40,41,327.32804840906965,0,77,14,1752
41,42,325.6914081670243,0,78,13,1674
42,43,324.06295112618915,0,82,9,1363
43,44,322.4426363705582,0,82,9,1480
44,45,320.8304231887054,0,79,12,1791
45,46,319.2262710727619,0,78,13,1869
46,47,317.6301397173981,0,77,14,1558
47,48,316.0419890188111,0,80,11,1557
48,49,314.461779073717,0,80,11,1868
49,50,312.88947017834846,0,83,8,1829
50,51,311.32502282745673,0,83,8,1985
51,52,309.7683977133195,0,81,10,2024
52,53,308.21955572475287,0,79,12,1907
53,54,306.6784579461291,0,81,10,2024
54,55,305.1450656563984,0,80,11,1752
55,56,303.6193403281164,0,82,9,1713
56,57,302.1012436264758,0,82,9,2024
57,58,300.59073740834344,0,82,9,1868
58,59,299.0877837213017,0,80,11,1907
59,60,297.5923448026952,0,80,11,1946
60,61,296.10438307868174,0,80,11,1635
61,62,294.6238611632883,0,80,11,1946
62,63,293.15074185747187,0,78,13,1945
63,64,291.6849881481845,0,76,15,1946
64,65,290.2265632074436,0,78,13,1945
65,66,288.7754303914064,0,79,12,1984
66,67,287.3315532394493,0,80,11,1945
67,68,285.89489547325206,0,84,7,1867
68,69,284.4654209958858,0,84,7,1828
69,70,283.04309389090633,0,82,9,1517
70,71,281.6278784214518,0,84,7,1828
71,72,280.2197390293445,0,84,7,1867
72,73,278.81864033419777,0,83,8,1556
73,74,277.42454713252675,0,81,10,1595
74,75,276.03742439686414,0,79,12,1634
75,76,274.65723727487983,0,79,12,1635
76,77,273.28395108850543,0,78,13,1324
77,78,271.9175313330629,0,80,11,1323
78,79,270.5579436763976,0,82,9,1479
79,80,269.2051539580156,0,80,11,1480
80,81,267.85912818822555,0,76,15,1169
81,82,266.5198325472844,0,75,16,975
82,83,265.187233384548,0,77,14,976
83,84,263.86129721762524,0,78,13,937
84,85,262.5419907315371,0,77,14,898
85,86,261.2292807778794,0,77,14,976
86,87,259.92313437399,0,79,12,782
87,88,258.62351870212007,0,77,14,743
88,89,257.33040110860946,0,79,12,937
89,90,256.04374910306643,0,81,10,976
90,91,254.7635303575511,0,84,7,1287
91,92,253.4897127057633,0,84,7,1598
92,93,252.2222641422345,0,84,7,1287
93,94,250.9611528215233,0,84,7,1248
94,95,249.7063470574157,0,83,8,1209
95,96,248.45781532212865,0,83,8,1520
96,97,247.215526245518,0,83,8,1753
97,98,245.9794486142904,0,85,6,1752
98,99,244.74955137121893,0,86,5,1751
99,100,243.52580361436284,0,86,5,1712
100,101,242.30817459629105,0,86,5,1595
101,102,241.0966337233096,0,85,6,1517
102,103,239.891150554693,0,80,11,1556
103,104,238.69169480191957,0,81,10,1595
104,105,237.49823632790995,0,81,10,1284
105,106,236.3107451462704,0,79,12,973
106,107,235.12919142053903,0,79,12,934
107,108,233.95354546343637,0,79,12,973
108,109,232.7837777361192,0,80,11,1012
109,110,231.61985884743856,0,81,10,779
110,111,230.46175955320135,0,81,10,780
111,112,229.30945075543536,0,81,10,779
112,113,228.16290350165815,0,81,10,740
113,114,227.0220889841499,0,80,11,429
114,115,225.88697853922915,0,80,11,701
115,116,224.757543646533,0,82,9,1012
116,117,223.63375592830036,0,81,10,1013
117,118,222.5155871486588,0,77,14,1324
118,119,221.40300921291552,0,75,16,1325
119,120,220.29599416685093,0,77,14,1324
120,121,219.19451419601668,0,76,15,1285
121,122,218.0985416250366,0,76,15,1596
122,123,217.0080489169114,0,73,18,1597
123,124,215.9230086723269,0,76,15,1558
124,125,214.84339362896523,0,79,12,1675
125,126,213.7691766608204,0,76,15,1714
126,127,212.70033077751629,0,76,15,1908
127,128,211.6368291236287,0,76,15,1714
128,129,210.57864497801052,0,79,12,1715
129,130,209.5257517531205,0,80,11,1404
130,131,208.4781229943549,0,79,12,1403
131,132,207.43573237938315,0,81,10,1442
132,133,206.3985537174862,0,78,13,1248
133,134,205.3665609488988,0,80,11,1247
134,135,204.3397281441543,0,79,12,1208
135,136,203.3180295034335,0,82,9,1052
136,137,202.30143935591636,0,83,8,1246
137,138,201.28993215913675,0,82,9,1245
138,139,200.28348249834107,0,78,13,934
139,140,199.28206508584933,0,81,10,933
140,141,198.2856547604201,0,84,7,934
141,142,197.294226486618,0,84,7,973
142,143,196.3077553541849,0,85,6,1129
143,144,195.326216577414,0,83,8,1130
144,145,194.3495854945269,0,85,6,1441
145,146,193.37783756705423,0,86,5,1519
146,147,192.41094837921895,0,86,5,1518
147,148,191.4488936373229,0,86,5,1207
148,149,190.49164916913628,0,86,5,1440
149,150,189.5391909232906,0,86,5,1441
150,151,188.5914949686741,0,84,7,1130
151,152,187.6485374938308,0,84,7,897
152,153,186.7102948063616,0,82,9,936
153,154,185.7767433323298,0,84,7,897
154,155,184.8478596156681,0,84,7,1130
155,156,183.9236203175898,0,84,7,1441
156,157,183.00400221600185,0,84,7,1208
157,159,181.17853729389725,0,79,12,936
158,160,180.27264460742776,0,79,12,937
159,161,179.3712813843906,0,78,13,936
160,162,178.47442497746866,0,80,11,625
161,163,177.5820528525813,0,80,11,858
162,164,176.6941425883184,0,79,12,664
163,165,175.8106718753768,0,78,13,508
164,166,174.93161851599993,0,77,14,469
165,167,174.05696042341992,0,78,13,741
166,168,173.1866756213028,0,79,12,702
167,169,172.3207422431963,0,79,12,741
168,170,171.4591385319803,0,81,10,897
169,171,170.6018428393204,0,80,11,936
170,172,169.7488336251238,0,82,9,937
171,173,168.9000894569982,0,78,13,1248
172,174,168.0555890097132,0,80,11,1209
173,175,167.21531106466463,0,81,10,1520
174,176,166.3792345093413,0,81,10,1364
175,177,165.54733833679458,0,79,12,1403
176,178,164.7196016451106,0,79,12,1442
177,179,163.89600363688504,0,78,13,1481
178,180,163.0765236187006,0,77,14,1442
179,181,162.2611410006071,0,76,15,1131
180,182,161.44983529560406,0,75,16,1092
181,183,160.64258611912604,0,73,18,1091
182,184,159.8393731885304,0,74,17,1130
183,185,159.04017632258774,0,75,16,1169
184,186,158.2449754409748,0,80,11,1480
185,187,157.45375056376992,0,77,14,1481
186,188,156.66648181095107,0,81,10,1403
187,189,155.8831494018963,0,79,12,1364
188,190,155.1037336548868,0,79,12,1403
189,191,154.32821498661238,0,77,14,1364
190,192,153.55657391167932,0,78,13,1558
191,193,152.78879104212092,0,82,9,1519
192,194,152.0248470869103,0,82,9,1402
193,195,151.26472285147577,0,83,8,1403
194,196,150.50839923721838,0,80,11,1402
195,197,149.7558572410323,0,80,11,1441
196,198,149.00707795482714,0,81,10,1440
197,199,148.262042565053,0,80,11,1441
198,200,147.52073235222775,0,80,11,1480
199,201,146.7831286904666,0,83,8,1481
200,202,146.0492130470143,0,82,9,1442
201,203,145.31896698177923,0,81,10,1403
202,204,144.59237214687033,0,82,9,1364
203,205,143.86941028613597,0,80,11,1092
204,206,143.1500632347053,0,83,8,1053
205,207,142.43431291853176,0,82,9,742
206,208,141.7221413539391,0,80,11,781
207,209,141.0135306471694,0,81,10,820
208,210,140.30846299393357,0,80,11,587
209,211,139.6069206789639,0,81,10,781
210,212,138.90888607556906,0,79,12,820
211,213,138.2143416451912,0,79,12,781
212,214,137.52326993696525,0,81,10,898
213,215,136.83565358728043,0,81,10,897
214,216,136.15147531934403,0,80,11,1208
215,217,135.4707179427473,0,80,11,1207
216,218,134.79336435303358,0,83,8,1168
217,219,134.11939753126842,0,85,6,1129
218,220,133.44880054361207,0,86,5,1362
219,221,132.781556540894,0,86,5,1401
220,222,132.11764875818952,0,83,8,1479
221,223,131.45706051439856,0,80,11,1518
222,224,130.79977521182656,0,79,12,1519
223,225,130.14577633576744,0,80,11,1286
224,226,129.4950474540886,0,78,13,1597
225,227,128.84757221681815,0,80,11,1403
226,228,128.20333435573406,0,81,10,1559
227,229,127.56231768395538,0,79,12,1753
228,230,126.9245060955356,0,82,9,1752
229,231,126.28988356505792,0,82,9,1635
230,232,125.65843414723264,0,83,8,1634
231,233,125.03014197649648,0,84,7,1323
232,234,124.404991266614,0,80,11,1324
233,235,123.78296631028093,0,80,11,1168
234,236,123.16405147872952,0,83,8,857
235,237,122.54823122133588,0,86,5,1168
236,238,121.9354900652292,0,86,5,1207
237,239,121.32581261490304,0,85,6,1206
238,240,120.71918355182852,0,83,8,1517
239,241,120.1155876340694,0,84,7,1439
240,242,119.51500969589904,0,85,6,1440
241,243,118.91743464741954,0,83,8,1751
242,245,117.73123323681152,0,85,6,1440
243,246,117.14257707062748,0,84,7,1439
244,247,116.55686418527434,0,85,6,1440
245,248,115.97407986434796,0,85,6,1401
246,249,115.39420946502622,0,87,4,1400
247,250,114.81723841770108,0,84,7,1206
248,251,114.2431522256126,0,81,10,1207
249,252,113.67193646448452,0,81,10,1013
250,253,113.10357678216212,0,83,8,1285
251,254,112.5380588982513,0,81,10,1284
252,255,111.97536860376005,0,81,10,1595
253,256,111.41549176074123,0,81,10,1284
254,257,110.85841430193751,0,81,10,1245
255,258,110.30412223042784,0,86,5,1244
256,259,109.7526016192757,0,86,5,1245
257,260,109.20383861117932,0,84,7,934
258,261,108.65781941812342,0,83,8,1128
259,262,108.1145303210328,0,83,8,1245
260,263,107.57395766942764,0,86,5,1556
261,264,107.0360878810805,0,88,3,1517
262,265,106.5009074416751,0,86,5,1245
263,266,105.96840290446671,0,87,4,934
264,267,105.43856088994438,0,86,5,973
265,268,104.91136808549466,0,85,6,1012
266,269,104.38681124506718,0,83,8,1011
267,270,103.86487718884185,0,79,12,1012
268,271,103.34555280289764,0,81,10,973
269,272,102.82882503888314,0,81,10,1012
270,273,102.31468091368872,0,79,12,1323
271,274,101.80310750912028,0,76,15,1012
272,275,101.29409197157467,0,77,14,1168
273,276,100.7876215117168,0,75,16,1169
274,277,100.2836834041582,0,77,14,858
275,278,99.78226498713742,0,78,13,897
276,279,99.28335366220172,0,77,14,975
277,280,98.78693689389073,0,75,16,936
278,281,98.29300220942127,0,78,13,935
279,282,97.80153719837416,0,81,10,1246
280,283,97.3125295123823,0,83,8,1285
281,284,96.8259668648204,0,81,10,1246
282,285,96.34183703049628,0,76,15,1247
283,286,95.8601278453438,0,78,13,1208
284,287,95.38082720611708,0,80,11,1130
285,288,94.90392307008648,0,83,8,1129
286,289,94.42940345473606,0,84,7,1440
287,290,93.95725643746238,0,82,9,1246
288,291,93.48747015527506,0,84,7,1245
289,292,93.02003280449868,0,81,10,1284
290,293,92.5549326404762,0,82,9,1245
291,294,92.0921579772738,0,82,9,1439
292,295,91.63169718738745,0,84,7,1711
293,296,91.17353870145052,0,85,6,1750
294,297,90.71767100794324,0,82,9,1439
295,298,90.26408265290354,0,85,6,1750
296,299,89.81276223963903,0,83,8,1789
297,300,89.36369842844083,0,83,8,1828
298,301,88.91687993629863,0,83,8,1829
299,302,88.47229553661714,0,85,6,1635
300,303,88.02993405893405,0,84,7,1713
301,304,87.58978438863937,0,83,8,1402
302,305,87.15183546669617,0,79,12,1091
303,306,86.71607628936269,0,82,9,1285
304,307,86.28249590791587,0,83,8,1246
305,308,85.8510834283763,0,84,7,1557
306,309,85.42182801123441,0,82,9,1751
307,310,84.99471887117824,0,81,10,1479
308,312,84.14689655043823,0,86,5,1790
309,313,83.72616206768603,0,86,5,1751
310,314,83.3075312573476,0,85,6,1790
311,315,82.89099360106087,0,86,5,1751
312,316,82.47653863305557,0,82,9,1984
313,317,82.06415593989028,0,82,9,1983
314,318,81.65383516019084,0,79,12,1984
315,319,81.24556598438988,0,79,12,2023
316,320,80.83933815446794,0,80,11,1984
317,321,80.4351414636956,0,75,16,1985
318,322,80.03296575637712,0,78,13,1984
319,323,79.63280092759524,0,78,13,2295
320,324,79.23463692295726,0,76,15,2334
321,325,78.83846373834248,0,78,13,2295
322,326,78.44427141965078,0,75,16,2101
323,327,78.05205006255252,0,74,17,1790
324,328,77.66178981223976,0,75,16,2062
325,329,77.27348086317856,0,71,20,2063
326,330,76.88711345886267,0,78,13,1985
327,331,76.50267789156835,0,80,11,1946
328,332,76.12016450211051,0,81,10,1985
329,333,75.73956367959995,0,76,15,2063
330,334,75.36086586120196,0,76,15,1907
331,335,74.98406153189595,0,73,18,1946
332,336,74.60914122423647,0,72,19,1985
333,337,74.23609551811528,0,73,18,2296
334,338,73.8649150405247,0,70,21,1985
335,339,73.49559046532208,0,74,17,1984
336,340,73.12811251299547,0,76,15,1983
337,341,72.7624719504305,0,76,15,1866
338,342,72.39865959067834,0,74,17,1555
339,343,72.03666629272495,0,78,13,1749
340,344,71.67648296126131,0,80,11,1905
341,345,71.31810054645501,0,78,13,1594
342,346,70.96151004372274,0,78,13,1711
343,347,70.60670249350413,0,77,14,1750
344,348,70.25366898103661,0,76,15,1711
345,349,69.90240063613143,0,76,15,1633
346,350,69.55288863295077,0,78,13,1944
347,351,69.20512418978602,0,80,11,1750
348,352,68.85909856883708,0,78,13,1944
349,353,68.5148030759929,0,80,11,1905
350,354,68.17222906061293,0,81,10,2216
351,355,67.83136791530987,0,79,12,2060
352,356,67.49221107573332,0,81,10,1866
353,357,67.15475002035465,0,82,9,1555
354,358,66.81897627025288,0,84,7,1516
355,359,66.48488138890161,0,84,7,1322
356,360,66.1524569819571,0,82,9,1516
357,361,65.82169469704732,0,83,8,1283
358,362,65.49258622356209,0,83,8,1594
359,363,65.16512329244428,0,83,8,1672
360,364,64.83929767598205,0,82,9,1905
361,365,64.51510118760214,0,79,12,1944
362,366,64.19252568166414,0,76,15,1633
363,367,63.87156305325581,0,72,19,1361
364,368,63.55220523798953,0,72,19,1362
365,369,63.234444211799584,0,76,15,1518
366,370,62.918271990740585,0,77,14,1479
367,371,62.60368063078688,0,78,13,1362
368,372,62.29066222763295,0,83,8,1323
369,373,61.979208916494784,0,83,8,1324
370,374,61.66931287191231,0,81,10,1363
371,375,61.36096630755275,0,79,12,1364
372,376,61.05416147601499,0,81,10,1325
373,377,60.748890668634914,0,79,12,1092
374,378,60.445146215291736,0,78,13,1403
375,379,60.14292048421528,0,78,13,1675
376,380,59.8422058817942,0,79,12,1714
377,381,59.54299485238523,0,82,9,1403
378,382,59.2452798781233,0,80,11,1714
379,383,58.94905347873268,0,81,10,1715
380,384,58.65430821133901,0,83,8,1404
381,385,58.36103667028232,0,84,7,1521
382,386,58.0692314869309,0,83,8,1560
383,387,57.77888532949625,0,85,6,1559
384,388,57.48999090284877,0,85,6,1753
385,389,57.20254094833452,0,84,7,2064
386,390,56.91652824359285,0,85,6,1870
387,391,56.63194560237488,0,77,14,1869
388,392,56.34878587436301,0,78,13,1830
389,393,56.0670419449912,0,79,12,2141
390,394,55.78670673526624,0,78,13,1830
391,395,55.50777320158991,0,80,11,1791
392,396,55.23023433558196,0,82,9,1480
393,397,54.95408316390405,0,82,9,1479
394,398,54.67931274808453,0,82,9,1168
395,399,54.40591618434412,0,77,14,974
396,400,54.1338866034224,0,78,13,1013
397,401,53.863217170405285,0,76,15,1052
398,402,53.59390108455326,0,74,17,1091
399,403,53.32593157913049,0,76,15,1052
400,404,53.059301921234834,0,72,19,1053
401,405,52.79400541162866,0,75,16,742
402,406,52.53003538457052,0,78,13,703
403,407,52.26738520764766,0,80,11,1014
404,408,52.006048281609424,0,81,10,1247
405,409,51.74601804020138,0,80,11,1208
406,410,51.48728795000037,0,81,10,1209
407,411,51.22985151025037,0,80,11,976
408,412,50.97370225269912,0,80,11,1287
409,413,50.71883374143562,0,81,10,1598
410,414,50.46523957272844,0,79,12,1326
411,415,50.2129133748648,0,78,13,1520
412,416,49.96184880799047,0,79,12,1364
413,417,49.71203956395052,0,80,11,1247
414,418,49.46347936613077,0,81,10,1441
415,419,49.21616196930012,0,81,10,1558
416,421,48.72523075365635,0,81,10,1714
417,422,48.48160459988807,0,81,10,1558
418,423,48.239196576888624,0,81,10,1714
419,424,47.99800059400418,0,80,11,2025
420,425,47.75801059103416,0,81,10,2064
421,426,47.51922053807899,0,80,11,2297
422,427,47.28162443538859,0,76,15,2103
423,428,47.04521631321165,0,79,12,2142
424,429,46.80999023164559,0,82,9,1831
425,430,46.575940280487366,0,83,8,1830
426,431,46.34306057908493,0,84,7,1636
427,432,46.1113452761895,0,83,8,1830
428,433,45.88078854980856,0,82,9,1597
429,434,45.65138460705951,0,80,11,1558
430,435,45.423127684024216,0,77,14,1559
431,436,45.19601204560409,0,78,13,1598
432,437,44.97003198537608,0,79,12,1831
433,438,44.7451818254492,0,78,13,1675
434,439,44.52145591632195,0,77,14,1714
435,440,44.29884863674034,0,78,13,1675
436,441,44.07735439355664,0,79,12,1831
437,442,43.85696762158886,0,81,10,1753
438,443,43.63768278348091,0,80,11,2025
439,444,43.41949436956351,0,80,11,2219
440,445,43.202396897715694,0,78,13,2102
441,446,42.98638491322711,0,79,12,1791
442,447,42.771452988660975,0,78,13,2102
443,448,42.55759572371767,0,79,12,2063
444,449,42.34480774509908,0,78,13,1869
445,450,42.13308370637359,0,77,14,1868
446,451,41.92241828784172,0,77,14,1907
447,452,41.71280619640251,0,77,14,1596
448,453,41.5042421654205,0,76,15,1907
449,454,41.2967209545934,0,76,15,1946
450,455,41.09023734982043,0,76,15,2257
451,456,40.884786163071325,0,78,13,1946
452,457,40.680362232255966,0,81,10,1674
453,458,40.47696042109469,0,79,12,1480
454,459,40.27457561898922,0,82,9,1479
455,460,40.073202740894274,0,85,6,1518
456,461,39.8728367271898,0,84,7,1479
457,462,39.67347254355385,0,83,8,1440
458,463,39.47510518083608,0,86,5,1557
459,464,39.2777296549319,0,85,6,1324
460,465,39.08134100665724,0,86,5,1596
461,466,38.88593430162396,0,87,4,1790
462,467,38.69150463011584,0,86,5,1829
463,468,38.49804710696526,0,87,4,1907
464,469,38.30555687143043,0,86,5,2101
465,470,38.11402908707328,0,87,4,2062
466,471,37.92345894163792,0,85,6,1751
467,472,37.733841646929726,0,86,5,1752
468,473,37.54517243869508,0,83,8,2063
469,474,37.3574465765016,0,83,8,2102
470,475,37.17065934361909,0,84,7,2413
471,476,36.984806046901,0,84,7,2452
472,477,36.799882016666494,0,87,4,2141
473,478,36.61588260658316,0,86,5,2063
474,479,36.43280319355025,0,86,5,1869
475,480,36.2506391775825,0,84,7,2102
476,481,36.06938598169459,0,83,8,2063
477,482,35.88903905178611,0,84,7,2062
478,483,35.709593856527185,0,82,9,1906
479,484,35.53104588724455,0,82,9,1867
480,485,35.353390657808326,0,83,8,1866
481,486,35.17662370451929,0,83,8,2177
482,487,35.00074058599669,0,87,4,2138
483,488,34.8257368830667,0,87,4,2099
484,489,34.65160819865137,0,84,7,1788
485,490,34.47835015765811,0,84,7,1827
486,491,34.30595840686982,0,81,10,1866
487,492,34.13442861483547,0,79,12,1867
488,493,33.96375647176129,0,77,14,1906
489,494,33.79393768940248,0,76,15,1634
490,495,33.62496800095547,0,75,16,1595
491,496,33.45684316095069,0,76,15,1284
492,497,33.289558945145934,0,77,14,973
493,498,33.12311115042021,0,77,14,779
494,499,32.9574955946681,0,80,11,935
495,500,32.79270811669476,0,83,8,896
496,501,32.62874457611129,0,86,5,935
497,502,32.46560085323073,0,85,6,896
498,503,32.30327284896458,0,86,5,857
499,504,32.14175648471976,0,86,5,896
500,505,31.98104770229616,0,85,6,740
501,506,31.82114246378468,0,83,8,429
502,508,31.503726567708423,0,85,6,740
503,509,31.346207934869884,0,82,9,779
504,510,31.189476895195536,0,79,12,857
505,511,31.03352951071956,0,83,8,818
506,512,30.87836186316596,0,83,8,585
507,513,30.72397005385013,0,85,6,507
508,514,30.57035020358088,0,83,8,468
509,515,30.41749845256297,0,80,11,507
510,516,30.26541096030016,0,82,9,546
511,517,30.114083905498656,0,84,7,857
512,518,29.963513485971163,0,84,7,1051
513,519,29.813695918541303,0,82,9,934
514,520,29.6646274389486,0,83,8,933
515,521,29.516304301753856,0,85,6,894
516,522,29.368722780245086,0,85,6,855
517,523,29.22187916634386,0,82,9,894
518,524,29.075769770512142,0,84,7,895
519,525,28.93039092165958,0,84,7,896
520,526,28.78573896705128,0,84,7,857
521,527,28.641810272216023,0,86,5,1051
522,528,28.498601220854944,0,86,5,1168
523,530,28.21432767367692,0,88,3,1324
524,531,28.07325603530853,0,85,6,1363
525,532,27.93288975513199,0,85,6,1324
526,533,27.793225306356327,0,82,9,1325
527,534,27.654259179824543,0,85,6,1324
528,535,27.515987883925423,0,82,9,1323
529,536,27.3784079445058,0,82,9,1401
530,537,27.241515904783267,0,82,9,1323
531,538,27.10530832525935,0,81,10,1634
532,539,26.969781783633053,0,82,9,1867
533,540,26.834932874714887,0,87,4,1866
534,541,26.700758210341316,0,83,8,1555
535,542,26.567254419289608,0,85,6,1438
536,543,26.43441814719316,0,87,4,1749
537,544,26.302246056457196,0,86,5,1516
538,545,26.170734826174908,0,86,5,1205
539,546,26.039881152044032,0,86,5,1322
540,547,25.90968174628381,0,84,7,1128
541,549,25.65123267086463,0,85,6,1439
542,550,25.522976507510307,0,87,4,1283
543,551,25.39536162497276,0,85,6,1322
544,552,25.26838481684789,0,84,7,1361
545,553,25.14204289276365,0,82,9,1594
546,554,25.016332678299836,0,82,9,1788
547,555,24.89125101490833,0,83,8,1827
548,556,24.766794759833797,0,81,10,1828
549,557,24.642960786034624,0,81,10,1595
550,558,24.51974598210445,0,82,9,1556
551,559,24.39714725219393,0,83,8,1362
552,560,24.27516151593296,0,84,7,1363
553,561,24.153785708353293,0,84,7,1596
554,562,24.03301677981153,0,84,7,1868
555,563,23.91285169591247,0,82,9,1829
556,564,23.793287437432905,0,82,9,1557
557,565,23.67432100024574,0,81,10,1596
558,567,23.43816964826829,0,80,11,1907
559,568,23.320978800026943,0,82,9,1868
560,569,23.204373906026813,0,83,8,1867
561,570,23.08835203649668,0,80,11,1906
562,571,22.972910276314195,0,76,15,1595
563,572,22.858045724932623,0,75,16,1596
564,573,22.74375549630796,0,79,12,1557
565,575,22.516886535232285,0,82,9,1596
566,576,22.404302102556123,0,82,9,1595
567,577,22.292280592043344,0,81,10,1556
568,578,22.180819189083127,0,82,9,1245
569,579,22.069915093137716,0,81,10,1244
570,580,21.959565517672026,0,83,8,1516
571,581,21.849767690083667,0,82,9,1205
572,582,21.740518851633247,0,83,8,1516
573,583,21.63181625737508,0,84,7,1827
574,584,21.523657176088207,0,83,8,1516
575,585,21.41603889020777,0,84,7,1827
576,586,21.30895869575673,0,84,7,1828
577,588,21.096401832766556,0,83,8,1517
578,589,20.99091982360272,0,82,9,1206
579,590,20.885965224484707,0,82,9,1012
580,591,20.781535398362283,0,79,12,1323
581,592,20.67762772137047,0,81,10,1090
582,593,20.574239582763617,0,79,12,1168
583,594,20.4713683848498,0,79,12,1362
584,595,20.369011542925552,0,80,11,1673
585,596,20.267166485210925,0,78,13,1401
586,597,20.16583065278487,0,77,14,1440
587,598,20.065001499520942,0,81,10,1129
588,600,19.864853109563224,0,81,10,818
589,601,19.765528844015407,0,82,9,819
590,602,19.66670119979533,0,81,10,780
591,603,19.568367693796358,0,82,9,974
592,604,19.470525855327374,0,77,14,1285
593,605,19.37317322605073,0,78,13,1324
594,606,19.27630735992048,0,78,13,1246
595,607,19.17992582312088,0,78,13,1207
596,608,19.08402619400528,0,76,15,1440
597,609,18.98860606303525,0,75,16,1246
598,610,18.893663032720077,0,77,14,1247
599,611,18.799194717556475,0,80,11,1014
600,612,18.70519874396869,0,81,10,820
601,613,18.611672750248847,0,80,11,1014
602,614,18.518614386497603,0,82,9,1325
603,615,18.42602131456512,0,85,6,1286
604,616,18.33389120799229,0,86,5,1480
605,617,18.24222175195233,0,86,5,1479
606,618,18.151010643192567,0,86,5,1480
607,619,18.0602555899766,0,88,3,1169
608,620,17.96995431202672,0,88,3,1208
609,621,17.880104540466586,0,86,5,1247
610,622,17.790704017764252,0,80,11,1246
611,623,17.70175049767543,0,76,15,1247
612,624,17.613241745187054,0,76,15,1208
613,625,17.52517553646112,0,75,16,1247
614,626,17.437549658778813,0,74,17,1053
615,627,17.35036191048492,0,73,18,1286
616,628,17.263610100932496,0,72,19,1285
617,629,17.177292050427834,0,74,17,974
618,630,17.091405590175693,0,78,13,1130
619,631,17.005948562224816,0,77,14,1441
620,632,16.920918819413693,0,75,16,1519
621,633,16.836314225316624,0,76,15,1208
622,634,16.752132654190042,0,78,13,1169
623,635,16.66837199091909,0,75,16,1480
624,636,16.585030130964494,0,74,17,1791
625,637,16.50210498030967,0,74,17,1752
626,638,16.419594455408124,0,75,16,1441
627,639,16.337496483131083,0,74,17,1752
628,640,16.255809000715427,0,74,17,1791
629,641,16.17452995571185,0,73,18,1830
630,642,16.09365730593329,0,75,16,1752
631,643,16.013189019403626,0,74,17,2024
632,644,15.933123074306607,0,76,15,2023
633,645,15.853457458935074,0,78,13,2334
634,646,15.7741901716404,0,83,8,2333
635,647,15.695319220782196,0,85,6,2294
636,648,15.616842624678286,0,80,11,2295
637,651,15.383759296399637,0,79,12,1984
638,652,15.306840499917636,0,79,12,1673
639,653,15.23030629741805,0,81,10,1362
640,654,15.15415476593096,0,81,10,1440
641,655,15.078383992101305,0,82,9,1401
642,656,15.0029920721408,0,83,8,1323
643,657,14.927977111780097,0,79,12,1051
644,658,14.853337226221194,0,79,12,857
645,659,14.779070540090087,0,79,12,858
646,660,14.70517518738964,0,78,13,1052
647,661,14.63164931145269,0,78,13,1051
648,662,14.558491064895428,0,80,11,1323
649,664,14.413270116523096,0,82,9,1206
650,665,14.34120376594048,0,80,11,1245
651,666,14.269497747110778,0,79,12,1323
652,667,14.198150258375223,0,79,12,1440
653,668,14.127159507083348,0,79,12,1479
654,669,14.05652370954793,0,79,12,1440
655,670,13.98624109100019,0,82,9,1439
656,671,13.91630988554519,0,83,8,1361
657,672,13.846728336117463,0,83,8,1362
658,673,13.777494694436877,0,81,10,1401
659,674,13.708607220964693,0,83,8,1362
660,675,13.640064184859868,0,83,8,1673
661,676,13.571863863935569,0,82,9,1362
662,677,13.50400454461589,0,80,11,1401
663,678,13.43648452189281,0,81,10,1207
664,679,13.369302099283344,0,84,7,1208
665,680,13.302455588786929,0,83,8,897
666,681,13.235943310842996,0,83,8,936
667,682,13.16976359428878,0,81,10,1130
668,683,13.103914776317335,0,80,11,1441
669,684,13.03839520243575,0,81,10,1402
670,685,12.973203226423571,0,83,8,1363
671,686,12.908337210291451,0,83,8,1557
672,687,12.843795524239995,0,85,6,1596
673,688,12.779576546618795,0,85,6,1595
674,689,12.7156786638857,0,86,5,1556
675,690,12.652100270566272,0,85,6,1557
676,691,12.58883976921344,0,86,5,1556
677,692,12.525895570367377,0,83,8,1867
678,693,12.463266092515536,0,81,10,1906
679,694,12.40094976205296,0,81,10,1867
680,696,12.27725028817648,0,80,11,1868
681,697,12.215864036735598,0,81,10,1907
682,698,12.15478471655192,0,80,11,2218
683,699,12.09401079296916,0,79,12,2179
684,700,12.033540739004314,0,80,11,2178
685,701,11.973373035309292,0,80,11,1984
686,702,11.913506170132743,0,82,9,1983
687,703,11.85393863928208,0,80,11,1984
688,704,11.79466894608567,0,81,10,2023
689,705,11.73569560135524,0,83,8,2334
690,706,11.677017123348463,0,83,8,2373
691,707,11.618632037731723,0,82,9,2374
692,708,11.560538877543063,0,84,7,2413
693,709,11.50273618315535,0,82,9,2374
694,710,11.445222502239572,0,80,11,2063
695,712,11.331056407779732,0,82,9,2102
696,713,11.274401125740834,0,82,9,2101
697,714,11.21802912011213,0,79,12,2062
698,715,11.16193897451157,0,80,11,2023
699,716,11.106129279639012,0,80,11,2101
700,719,10.94036891187424,0,81,10,1984
701,721,10.831238731978294,0,81,10,1945
702,722,10.777082538318403,0,83,8,2256
703,723,10.723197125626813,0,84,7,2295
704,724,10.669581139998677,0,82,9,2101
705,725,10.616233234298685,0,82,9,2140
706,726,10.56315206812719,0,81,10,1829
707,727,10.510336307786554,0,81,10,1751
708,728,10.45778462624762,0,82,9,1712
709,729,10.405495703116385,0,83,8,1906
710,730,10.3534682246008,0,82,9,1945
711,731,10.301700883477798,0,80,11,2139
712,732,10.250192379060408,0,79,12,2140
713,733,10.198941417165106,0,79,12,2101
714,734,10.14794671007928,0,80,11,1829
715,735,10.097206976528884,0,78,13,1518
716,736,10.04672094164624,0,78,13,1557
717,737,9.99648733693801,0,78,13,1518
718,738,9.94650490025332,0,77,14,1557
719,739,9.896772375752054,0,80,11,1558
720,740,9.847288513873291,0,80,11,1557
721,741,9.798052071303928,0,79,12,1363
722,743,9.700316501892669,0,78,13,1480
723,744,9.651814919383206,0,79,12,1286
724,746,9.555538065562358,0,78,13,1285
725,747,9.507760375234543,0,80,11,1246
726,748,9.460221573358371,0,81,10,1440
727,749,9.41292046549158,0,85,6,1751
728,750,9.365855863164125,0,85,6,1712
729,751,9.319026583848302,0,85,6,1713
730,752,9.27243145092906,0,84,7,2024
731,753,9.226069293674415,0,84,7,2102
732,754,9.179938947206043,0,81,10,1908
733,755,9.134039252470012,0,82,9,1597
734,756,9.088369056207664,0,83,8,1636
735,757,9.042927210926624,0,82,9,1947
736,758,8.997712574871992,0,85,6,1636
737,759,8.952724011997631,0,83,8,1597
738,760,8.907960391937642,0,85,6,1636
739,761,8.863420589977954,0,81,10,1480
740,762,8.819103487028064,0,79,12,1441
741,763,8.775007969592924,0,81,10,1480
742,764,8.731132929744959,0,79,12,1441
743,766,8.644039878770753,0,80,11,1402
744,767,8.6008196793769,0,79,12,1401
745,768,8.557815580980014,0,79,12,1284
746,769,8.515026503075115,0,81,10,1440
747,771,8.43008911370694,0,83,8,1362
748,772,8.387938668138405,0,78,13,1363
749,773,8.345998974797713,0,80,11,1402
750,774,8.304268979923725,0,81,10,1401
751,775,8.262747635024105,0,82,9,1479
752,776,8.221433896848986,0,82,9,1673
753,777,8.18032672736474,0,81,10,1712
754,779,8.098727968259277,0,80,11,1673
755,780,8.058234328417981,0,80,11,1945
756,781,8.01794315677589,0,81,10,2139
757,782,7.977853440992011,0,81,10,2450
758,783,7.937964173787051,0,84,7,2411
759,784,7.898274352918116,0,83,8,2217
760,785,7.858782981153525,0,81,10,2256
761,786,7.819489066247757,0,82,9,1945
762,788,7.741489662811936,0,78,13,1946
763,790,7.664268303425387,0,80,11,1752
764,791,7.62594696190826,0,81,10,1713
765,792,7.587817227098718,0,79,12,1907
766,794,7.512128750258408,0,78,13,1946
767,795,7.474568106507116,0,78,13,1635
768,796,7.43719526597458,0,78,13,1402
769,797,7.400009289644707,0,77,14,1441
770,799,7.3261941969805,0,79,12,1363
771,800,7.289563225995598,0,81,10,1052
772,801,7.25311540986562,0,83,8,1013
773,802,7.216849832816291,0,82,9,1091
774,804,7.144861755733949,0,80,11,1402
775,806,7.073591759720503,0,79,12,1246
776,807,7.038223800921901,0,79,12,1207
777,808,7.003032681917291,0,79,12,1401
778,809,6.968017518507704,0,76,15,1440
779,810,6.9331774309151655,0,83,8,1441
780,811,6.8985115437605895,0,85,6,1440
781,812,6.864018986041787,0,80,11,1439
782,813,6.829698891111578,0,82,9,1400
783,814,6.79555039665602,0,80,11,1517
784,815,6.761572644672739,0,78,13,1556
785,816,6.727764781449376,0,75,16,1284
786,817,6.694125957542129,0,75,16,1595
787,819,6.627352051115646,0,71,20,1596
788,820,6.594215290860068,0,75,16,1868
789,821,6.561244214405767,0,74,17,1557
790,822,6.528437993333738,0,75,16,1246
791,823,6.495795803367069,0,76,15,1285
792,825,6.431000240228483,0,77,14,1207
793,826,6.398845239027341,0,82,9,1208
794,827,6.366851012832204,0,82,9,1286
795,828,6.335016757768043,0,83,8,1247
796,829,6.303341673979203,0,80,11,975
797,830,6.271824965609307,0,80,11,897
798,831,6.24046584078126,0,82,9,858
799,832,6.209263511577354,0,80,11,897
800,833,6.178217194019467,0,81,10,1208
801,834,6.14732610804937,0,83,8,1169
802,835,6.116589477509123,0,82,9,1402
803,836,6.086006530121577,0,83,8,1403
804,838,6.025298614983615,0,84,7,1442
805,840,5.965196261299153,0,83,8,1403
806,841,5.935370279992657,0,82,9,1559
807,843,5.876164961449731,0,85,6,1558
808,844,5.846784136642482,0,85,6,1597
809,845,5.817550215959269,0,83,8,1286
810,846,5.788462464879473,0,84,7,1130
811,847,5.759520152555075,0,84,7,1129
812,849,5.702068939033339,0,85,6,935
813,850,5.673558594338172,0,82,9,1013
814,851,5.645190801366481,0,83,8,1169
815,852,5.6169648473596485,0,80,11,1208
816,853,5.58888002312285,0,81,10,1014
817,854,5.560935623007236,0,78,13,1325
818,855,5.5331309448922,0,80,11,1636
819,856,5.505465290167739,0,82,9,1325
820,857,5.4779379637169,0,83,8,1247
821,858,5.450548273898315,0,83,8,1246
822,859,5.423295532528823,0,85,6,1518
823,860,5.396179054866179,0,84,7,1712
824,861,5.369198159591848,0,83,8,1673
825,862,5.342352168793889,0,84,7,1984
826,865,5.262616894880618,0,83,8,2295
827,866,5.236303810406215,0,84,7,1984
828,867,5.210122291354184,0,84,7,2062
829,868,5.1840716798974125,0,87,4,1829
830,869,5.158151321497925,0,84,7,2062
831,872,5.081165268255654,0,85,6,2101
832,873,5.055759441914375,0,84,7,2295
833,875,5.005328241481279,0,82,9,2101
834,876,4.980301600273872,0,84,7,1868
835,877,4.955400092272503,0,85,6,1869
836,879,4.905969976352084,0,85,6,1791
837,880,4.881440126470324,0,84,7,2024
838,881,4.857032925837972,0,83,8,1868
839,882,4.832747761208782,0,85,6,1829
840,883,4.808584022402738,0,84,7,1790
841,884,4.784541102290724,0,82,9,1868
842,885,4.760618396779271,0,83,8,1867
843,886,4.736815304795375,0,83,8,1673
844,887,4.713131228271398,0,84,7,1440
845,888,4.689565572130041,0,83,8,1479
846,889,4.666117744269391,0,84,7,1480
847,890,4.642787155548044,0,85,6,1402
848,891,4.619573219770304,0,82,9,1401
849,893,4.573492976903095,0,82,9,1440
850,894,4.55062551201858,0,85,6,1129
851,895,4.527872384458487,0,86,5,1128
852,896,4.505233022536194,0,85,6,1089
853,897,4.482706857423513,0,85,6,1400
854,898,4.460293323136395,0,83,8,1478
855,899,4.437991856520713,0,83,8,1361
856,900,4.41580189723811,0,82,9,1400
857,901,4.393722887751919,0,83,8,1361
858,902,4.37175427331316,0,84,7,1322
859,903,4.349895501946594,0,84,7,1516
860,905,4.306505294314676,0,84,7,1517
861,906,4.284972767843103,0,84,7,1439
862,907,4.263547904003887,0,86,5,1595
863,908,4.242230164483868,0,86,5,1673
864,909,4.221019013661448,0,80,11,1674
865,910,4.199913918593141,0,82,9,1791
866,911,4.178914349000175,0,84,7,1713
867,913,4.137229678368898,0,84,7,1946
868,914,4.116543529977054,0,80,11,1985
869,915,4.095960812327169,0,83,8,1674
870,916,4.075481008265533,0,82,9,1675
871,917,4.055103603224206,0,82,9,1676
872,918,4.034828085208084,0,82,9,1870
873,919,4.014653944782044,0,82,9,1831
874,920,3.994580675058133,0,84,7,1520
875,921,3.9746077716828423,0,83,8,1481
876,922,3.954734732824429,0,84,7,1520
877,924,3.915286253864505,0,84,7,1519
878,925,3.8957098225951823,0,85,6,1325
879,926,3.8762312734822064,0,88,3,1636
880,927,3.8568501171147953,0,87,4,1635
881,929,3.818378037196575,0,87,4,1674
882,930,3.799286147010593,0,82,9,1985
883,931,3.78028971627554,0,82,9,2179
884,932,3.7613882676941617,0,83,8,2023
885,933,3.742581326355691,0,82,9,2062
886,934,3.723868419723913,0,85,6,1751
887,935,3.705249077625293,0,83,8,1829
888,936,3.686722832237167,0,82,9,1790
889,937,3.668289218075981,0,81,10,1518
890,938,3.649947771985601,0,80,11,1479
891,940,3.6135395429600448,0,80,11,1480
892,941,3.5954718452452443,0,81,10,1636
893,942,3.577494486019018,0,84,7,1597
894,943,3.559607013588923,0,80,11,1636
895,944,3.5418089785209785,0,79,12,1519
896,945,3.524099933628374,0,79,12,1441
897,947,3.4889470367904307,0,79,12,1440
898,948,3.4715023016064785,0,78,13,1441
899,949,3.454144790098446,0,80,11,1480
900,950,3.4368740661479538,0,80,11,1519
901,951,3.419689695817214,0,80,11,1520
902,952,3.402591247338128,0,77,14,1519
903,953,3.3855782911014374,0,78,13,1558
904,955,3.3518071476477007,0,79,12,1557
905,956,3.335048111909462,0,80,11,1518
906,957,3.318372871349915,0,80,11,1829
907,958,3.301781006993165,0,78,13,1830
908,959,3.285272101958199,0,78,13,1869
909,960,3.268845741448408,0,77,14,1830
910,961,3.252501512741166,0,74,17,1908
911,962,3.23623900517746,0,78,13,1907
912,963,3.2200578101515727,0,81,10,1829
913,964,3.203957521100815,0,78,13,1907
914,965,3.187937733495311,0,78,13,2218
915,966,3.171998044827834,0,81,10,2217
916,969,3.124655577509023,0,82,9,2178
917,970,3.109032299621478,0,82,9,1867
918,971,3.0934871381233706,0,82,9,1906
919,972,3.0780197024327536,0,81,10,1867
920,973,3.06262960392059,0,82,9,1906
921,974,3.0473164559009867,0,84,7,1905
922,975,3.032079873621482,0,85,6,1711
923,976,3.0169194742533745,0,83,8,1712
924,977,3.0018348768821075,0,81,10,1673
925,978,2.986825702497697,0,81,10,1517
926,979,2.9718915739852085,0,81,10,1828
927,981,2.9422469555347064,0,83,8,1867
928,982,2.927535720757033,0,80,11,1906
929,984,2.898333551942481,0,83,8,1867
930,985,2.883841884182769,0,84,7,1828
931,986,2.8694226747618554,0,84,7,1750
932,987,2.855075561388046,0,84,7,1828
933,989,2.8265961826632,0,85,6,1517
934,990,2.812463201749884,0,84,7,1478
935,991,2.7984008857411347,0,84,7,1595
936,993,2.770486836905867,0,79,12,1634
937,995,2.742851230707731,0,78,13,1673
938,997,2.7154912896814216,0,74,17,1674
939,999,2.688404264066849,0,77,14,1635
940,1001,2.6615874315327823,0,77,14,1791
941,1002,2.6482794943751182,0,77,14,2063
942,1003,2.6350380969032425,0,81,10,2062
943,1004,2.6218629064187264,0,77,14,2063
944,1005,2.6087535918866327,0,82,9,2062
945,1006,2.5957098239272,0,83,8,2373
946,1007,2.582731274807564,0,84,7,2140
947,1008,2.5698176184335257,0,88,3,2139
948,1010,2.5441836876896518,0,84,7,2140
949,1012,2.518805455404947,0,83,8,1829
950,1014,2.4936803709872826,0,86,5,1868
951,1016,2.4688059092866843,0,85,6,1907
952,1017,2.456461879740251,0,84,7,1868
953,1020,2.4197988791273928,0,84,7,1869
954,1022,2.395661385308097,0,84,7,1830
955,1023,2.3836830783815564,0,84,7,1869
956,1024,2.3717646629896487,0,83,8,2102
957,1025,2.3599058396747004,0,82,9,2141
958,1026,2.348106310476327,0,83,8,2142
959,1027,2.336365778923945,0,82,9,2141
960,1028,2.3246839500293253,0,83,8,2142
961,1033,2.2671451236685343,0,83,8,2453
962,1034,2.255809398050192,0,86,5,2220
963,1035,2.244530351059941,0,88,3,2259
964,1036,2.233307699304641,0,86,5,2220
965,1037,2.222141160808118,0,86,5,2181
966,1038,2.2110304550040776,0,83,8,2414
967,1039,2.199975302729057,0,81,10,2375
968,1040,2.188975426215412,0,84,7,2414
969,1041,2.178030549084335,0,86,5,2297
970,1043,2.156304694357219,0,82,9,2298
971,1044,2.1455231708854328,0,83,8,2220
972,1045,2.1347955550310056,0,85,6,2219
973,1047,2.113500969369571,0,83,8,2258
974,1051,2.0715469196980383,0,80,11,2257
975,1054,2.04062882297818,0,78,13,2218
976,1055,2.0304256788632893,0,79,12,1907
977,1057,2.010172182716628,0,80,11,1906
978,1059,1.9901207151940292,0,83,8,1945
979,1060,1.9801701116180592,0,85,6,1946
980,1061,1.970269261059969,0,85,6,2257
981,1062,1.9604179147546688,0,84,7,2258
982,1064,1.9408627460549916,0,84,7,2375
983,1065,1.9311584323247164,0,82,9,2376
984,1067,1.9118951269622773,0,81,10,2220
985,1071,1.8739430539394468,0,80,11,2181
986,1072,1.8645733386697496,0,84,7,2142
987,1074,1.845974219616519,0,86,5,1909
988,1075,1.8367443485184365,0,82,9,1908
989,1076,1.827560626775844,0,86,5,1909
990,1078,1.809330709523755,0,82,9,1908
991,1079,1.8002840559761362,0,77,14,1947
992,1081,1.782326222517774,0,76,15,2141
993,1082,1.773414591405185,0,75,16,2180
994,1083,1.7645475184481592,0,77,14,1869
995,1084,1.7557247808559184,0,78,13,1868
996,1086,1.7382114261668806,0,75,16,1829
997,1087,1.729520369036046,0,78,13,1828
998,1088,1.720872767190866,0,76,15,1829
999,1089,1.7122684033549116,0,78,13,1635
1000,1091,1.6951885260314463,0,76,15,1713
1001,1092,1.686712583401289,0,78,13,1752
1002,1093,1.6782790204842826,0,81,10,1908
1003,1094,1.669887625381861,0,83,8,1947
1004,1095,1.6615381872549515,0,80,11,1908
1005,1096,1.653230496318677,0,83,8,1947
1006,1098,1.6367395221178982,0,81,10,2258
1007,1099,1.6285558245073086,0,87,4,2259
1008,1100,1.620413045384772,0,85,6,2142
1009,1101,1.612310980157848,0,85,6,2141
1010,1102,1.604249425257059,0,83,8,2142
1011,1105,1.5803058020539191,0,81,10,2103
1012,1106,1.5724042730436496,0,78,13,2297
1013,1110,1.5411912630043494,0,78,13,2530
1014,1111,1.5334853066893277,0,81,10,2529
1015,1112,1.525817880155881,0,78,13,2530
1016,1114,1.510597846801326,0,81,10,2336
1017,1116,1.4955296332794827,0,84,7,2335
1018,1117,1.4880519851130851,0,86,5,2334
1019,1118,1.48061172518752,0,85,6,2451
1020,1120,1.4658426232287742,0,86,5,2140
1021,1121,1.4585134101126302,0,87,4,1829
1022,1122,1.451220843062067,0,86,5,2140
1023,1123,1.4439647388467567,0,83,8,2334
1024,1124,1.436744915152523,0,86,5,2023
1025,1128,1.408224811112253,0,85,6,2024
1026,1129,1.4011836870566918,0,85,6,1985
1027,1131,1.3872068797783013,0,83,8,2024
1028,1132,1.3802708453794097,0,83,8,2335
1029,1133,1.3733694911525127,0,81,10,2296
1030,1134,1.3665026436967502,0,83,8,2335
1031,1135,1.3596701304782666,0,84,7,2141
1032,1138,1.339376883822112,0,82,9,2102
1033,1139,1.3326799994030014,0,84,7,1869
1034,1140,1.3260165994059865,0,85,6,1830
1035,1143,1.3062256359077773,0,85,6,2141
1036,1144,1.2996945077282385,0,83,8,2140
1037,1147,1.2802964047385812,0,82,9,2179
1038,1148,1.2738949227148884,0,83,8,1868
1039,1151,1.254881881756503,0,82,9,1829
1040,1152,1.2486074723477203,0,80,11,2062
1041,1153,1.242364434985982,0,77,14,2256
1042,1155,1.2299718497469967,0,76,15,2295
1043,1156,1.2238219904982617,0,79,12,2296
1044,1157,1.2177028805457704,0,81,10,2257
1045,1158,1.2116143661430414,0,79,12,2256
1046,1160,1.1995285128407644,0,81,10,2257
1047,1161,1.1935308702765606,0,84,7,2218
1048,1162,1.1875632159251777,0,82,9,2529
1049,1164,1.175717272846324,0,81,10,2528
1050,1165,1.1698386864820922,0,84,7,2450
1051,1170,1.1408837203453923,0,81,10,2528
1052,1174,1.1182366087677285,0,84,7,2450
1053,1175,1.1126454257238898,0,83,8,2489
1054,1176,1.1070821985952704,0,84,7,2450
1055,1178,1.0960390536642826,0,87,4,2411
1056,1179,1.0905588583959611,0,85,6,2450
1057,1180,1.0851060641039814,0,84,7,2489
1058,1184,1.0635661668566765,0,86,5,2488
1059,1185,1.058248336022393,0,85,6,2489
1060,1186,1.052957094342281,0,86,5,2372
1061,1188,1.0424538473262168,0,83,8,2373
1062,1189,1.0372415780895858,0,81,10,2412
1063,1193,1.0166518147919943,0,80,11,2218
1064,1198,0.9914884147349842,0,80,11,2296
1065,1200,0.9815983177980028,0,81,10,2102
1066,1201,0.9766903262090127,0,81,10,2063
1067,1202,0.9718068745779675,0,80,11,2102
1068,1203,0.9669478402050778,0,78,13,2296
1069,1204,0.9621131010040525,0,80,11,2295
1070,1205,0.9573025354990322,0,82,9,2256
1071,1206,0.952516022821537,0,83,8,2178
1072,1208,0.9430146754938922,0,79,12,2179
1073,1209,0.9382996021164228,0,80,11,2296
1074,1210,0.9336081041058406,0,77,14,2297
1075,1212,0.9242953632673848,0,78,13,2296
1076,1213,0.919673886451048,0,81,10,2297
1077,1215,0.9105001394336988,0,83,8,2258
1078,1216,0.9059476387365304,0,81,10,2257
1079,1218,0.8969108110401334,0,83,8,1946
1080,1219,0.8924262569849327,0,83,8,2140
1081,1220,0.887964125700008,0,83,8,2139
1082,1222,0.8791066835461505,0,82,9,2178
1083,1223,0.8747111501284197,0,79,12,2217
1084,1224,0.8703375943777776,0,81,10,2256
1085,1225,0.8659859064058887,0,79,12,2217
1086,1226,0.8616559768738592,0,82,9,2178
1087,1227,0.8573476969894899,0,80,11,2179
1088,1229,0.8487956537120197,0,78,13,2180
1089,1230,0.8445516754434595,0,79,12,2258
1090,1231,0.8403289170662422,0,79,12,2257
1091,1232,0.836127272480911,0,80,11,1946
1092,1233,0.8319466361185065,0,83,8,1947
1093,1235,0.8236479684232244,0,82,9,2258
1094,1236,0.8195297285811083,0,83,8,2257
1095,1237,0.8154320799382028,0,81,10,2256
1096,1238,0.8113549195385118,0,82,9,2062
1097,1241,0.7992453459450345,0,84,7,1945
1098,1242,0.7952491192153093,0,83,8,2139
1099,1243,0.7912728736192327,0,81,10,2256
1100,1244,0.7873165092511365,0,83,8,2257
1101,1246,0.7794630270713564,0,85,6,1946
1102,1247,0.7755657119359997,0,85,6,1947
1103,1248,0.7716878833763197,0,85,6,1986
1104,1249,0.7678294439594381,0,85,6,2297
1105,1250,0.7639902967396409,0,84,7,2298
1106,1254,0.7488247078317046,0,85,6,2065
1107,1255,0.7450805842925461,0,88,3,1754
1108,1257,0.7376484054642279,0,89,2,1793
1109,1259,0.7302903626197224,0,88,3,1792
1110,1266,0.7051104232753272,0,85,6,1753
1111,1271,0.6876580611125005,0,87,4,1636
1112,1274,0.6773946785931387,0,88,3,1635
1113,1277,0.6672844783408014,0,87,4,1636
1114,1280,0.6573251740910051,0,79,12,1635
1115,1281,0.6540385482205501,0,80,11,1674
1116,1282,0.6507683554794473,0,83,8,1673
1117,1283,0.64751451370205,0,87,4,1672
1118,1284,0.6442769411335398,0,87,4,1711
1119,1285,0.6410555564278722,0,84,7,1672
1120,1286,0.6378502786457327,0,86,5,1983
1121,1290,0.6251886320881319,0,83,8,1984
1122,1291,0.6220626889276912,0,84,7,2101
1123,1293,0.6158576136056375,0,85,6,1790
1124,1294,0.6127783255376094,0,86,5,1518
1125,1295,0.6097144339099213,0,87,4,1557
1126,1296,0.6066658617403717,0,82,9,1558
1127,1298,0.6006143697695115,0,83,8,1247
1128,1299,0.597611297920664,0,82,9,1480
1129,1300,0.5946232414310607,0,79,12,1481
1130,1302,0.5886918745977858,0,78,13,1480
1131,1304,0.5828196731486729,0,83,8,1481
1132,1306,0.5770060469090148,0,83,8,1792
1133,1307,0.5741210166744697,0,83,8,1793
1134,1308,0.5712504115910974,0,84,7,2104
1135,1309,0.5683941595331419,0,84,7,2376
1136,1311,0.5627244277917988,0,85,6,2065
1137,1312,0.5599108056528398,0,88,3,1832
1138,1314,0.5543256953664527,0,86,5,2143
1139,1315,0.5515540668896205,0,88,3,2142
1140,1320,0.5379024160134016,0,85,6,2453
1141,1321,0.5352129039333346,0,83,8,2414
1142,1322,0.532536839413668,0,83,8,2375
1143,1324,0.5272247844405167,0,84,7,2414
1144,1325,0.5245886605183141,0,87,4,2103
1145,1326,0.5219657172157225,0,86,5,2102
1146,1327,0.5193558886296439,0,86,5,2101
1147,1331,0.5090464148869985,0,86,5,2102
1148,1332,0.5065011828125635,0,84,7,2335
1149,1335,0.4989415893464381,0,83,8,2336
1150,1336,0.4964468813997059,0,84,7,2335
1151,1337,0.4939646469927074,0,81,10,2646
1152,1340,0.4865921628907604,0,81,10,2685
1153,1342,0.481738406065925,0,82,9,2607
1154,1343,0.4793297140355954,0,84,7,2296
1155,1347,0.469814779846713,0,83,8,2297
1156,1351,0.460488721853,0,84,7,2025
1157,1355,0.4513477907676625,0,83,8,2297
1158,1360,0.4401763701704758,0,80,11,2608
1159,1365,0.4292814561624694,0,82,9,2607
1160,1366,0.427135048881657,0,83,8,2606
1161,1367,0.4249993736372487,0,82,9,2607
1162,1370,0.4186562048607911,0,84,7,2606
1163,1372,0.4144801092173047,0,79,12,2607
1164,1374,0.4103456701278621,0,80,11,2296
1165,1375,0.4082939417772228,0,81,10,1985
1166,1376,0.4062524720683367,0,84,7,1984
1167,1378,0.402200103659455,0,83,8,1985
1168,1379,0.4001891031411577,0,82,9,1986
1169,1381,0.3961972168373247,0,84,7,1987
1170,1383,0.3922451495993723,0,81,10,2298
1171,1384,0.3902839238513755,0,82,9,2297
1172,1386,0.386390841710958,0,80,11,2296
1173,1387,0.3844588875024032,0,82,9,2295
1174,1392,0.374943050663342,0,83,8,2256
1175,1393,0.3730683354100252,0,82,9,2257
1176,1394,0.3712029937329751,0,82,9,2258
1177,1395,0.3693469787643103,0,85,6,2025
1178,1396,0.3675002438704887,0,86,5,2103
1179,1398,0.3638344289378806,0,85,6,2104
1180,1399,0.3620152567931912,0,85,6,2143
1181,1400,0.3602051805092252,0,88,3,1832
1182,1403,0.3548290731644775,0,86,5,1831
1183,1409,0.344316378119172,0,87,4,1830
1184,1412,0.3391774131361961,0,86,5,1829
1185,1413,0.3374815260705152,0,87,4,1830
1186,1414,0.3357941184401626,0,85,6,2141
1187,1417,0.3307823492481784,0,87,4,1830
1188,1422,0.3225950736590106,0,83,8,1829
1189,1424,0.3193771877992619,0,86,5,1828
1190,1426,0.3161914003509642,0,83,8,1829
1191,1428,0.3130373911324634,0,81,10,2062
1192,1431,0.3083652689401375,0,81,10,2063
1193,1432,0.3068234425954368,0,84,7,2024
1194,1435,0.3022440643617696,0,83,8,2025
1195,1437,0.2992291798197609,0,84,7,2024
1196,1440,0.2947631469073035,0,83,8,2025
1197,1441,0.2932893311727669,0,79,12,2336
1198,1442,0.2918228845169031,0,76,15,2647
1199,1443,0.2903637700943186,0,77,14,2375
1200,1444,0.288911951243847,0,76,15,2414
1201,1445,0.2874673914876278,0,77,14,2103
1202,1448,0.283176904736251,0,78,13,2102
1203,1454,0.274787083640656,0,81,10,1869
1204,1458,0.2693324228085891,0,83,8,1868
1205,1459,0.2679857606945461,0,84,7,1829
1206,1464,0.2613527789717733,0,83,8,1868
1207,1469,0.2548839718171589,0,83,8,1867
1208,1471,0.2523415041982827,0,81,10,1868
1209,1475,0.2473323993269081,0,82,9,1869
1210,1476,0.2460957373302736,0,85,6,1558
1211,1477,0.2448652586436222,0,85,6,1559
1212,1479,0.242422727688652,0,86,5,1560
1213,1480,0.2412106140502088,0,88,3,1832
1214,1482,0.238804538175058,0,85,6,2065
1215,1486,0.2340641488392668,0,81,10,2376
1216,1488,0.2317293589545951,0,80,11,2687
1217,1489,0.2305707121598221,0,83,8,2454
1218,1490,0.229417858599023,0,77,14,2453
1219,1492,0.2271294154594978,0,81,10,2452
1220,1493,0.2259937683822003,0,83,8,2141
1221,1494,0.2248637995402893,0,82,9,2374
1222,1495,0.2237394805425878,0,78,13,2375
1223,1496,0.2226207831398749,0,79,12,2336
1224,1497,0.2215076792241755,0,79,12,2335
1225,1498,0.2204001408280546,0,84,7,2336
1226,1502,0.2160250879702974,0,84,7,2337
1227,1504,0.2138702377177938,0,84,7,2376
1228,1507,0.2106781976860759,0,86,5,2143
1229,1509,0.2085766826641573,0,88,3,2142
1230,1510,0.2075337992508366,0,83,8,2141
1231,1512,0.2054636496033094,0,83,8,2140
1232,1514,0.2034141496985164,0,79,12,2141
1233,1517,0.2003781680874974,0,82,9,1830
1234,1518,0.1993762772470599,0,88,3,1831
1235,1520,0.1973874988815205,0,82,9,1830
1236,1522,0.1954185585801773,0,88,3,1831
1237,1526,0.1915394026052181,0,86,5,2142
1238,1529,0.1886806530789099,0,87,4,2103
1239,1530,0.1877372498135154,0,82,9,2336
1240,1531,0.1867985635644478,0,83,8,2142
1241,1533,0.1849352478928924,0,81,10,2141
1242,1535,0.1830905187951608,0,82,9,2452
1243,1538,0.1803578699158282,0,83,8,2180
1244,1542,0.1767776761317877,0,86,5,1947
1245,1547,0.1724022082273086,0,87,4,1986
1246,1548,0.1715401971861721,0,90,1,1985
1247,1549,0.1706824962002412,0,86,5,2218
1248,1554,0.1664578915990144,0,85,6,2219
1249,1557,0.1639734867596627,0,85,6,2491
1250,1561,0.1607185311632235,0,86,5,2180
1251,1563,0.1591153638148703,0,82,9,2179
1252,1566,0.1567405471205129,0,82,9,2490
1253,1567,0.1559568443849103,0,79,12,2491
1254,1570,0.15362916898786,0,84,7,2490
1255,1571,0.1528610231429207,0,86,5,2412
1256,1573,0.15133623443707,0,81,10,2413
1257,1574,0.1505795532648847,0,79,12,2607
1258,1575,0.1498266554985602,0,80,11,2374
1259,1576,0.1490775222210675,0,82,9,2373
1260,1578,0.1475904739369123,0,85,6,2374
1261,1579,0.1468525215672277,0,82,9,2607
1262,1580,0.1461182589593916,0,85,6,2374
1263,1581,0.1453876676645946,0,87,4,2063
1264,1583,0.1439374256796403,0,87,4,2062
1265,1587,0.1410801959011475,0,87,4,2063
1266,1588,0.1403747949216417,0,87,4,2062
1267,1590,0.1389745563422983,0,88,3,1790
1268,1591,0.1382796835605869,0,85,6,1791
1269,1594,0.1362158419984846,0,86,5,1869
1270,1595,0.1355347627884922,0,87,4,1675
1271,1598,0.1335118895120286,0,87,4,1986
1272,1601,0.1315192078720754,0,86,5,1985
1273,1604,0.1295562672546837,0,85,6,1986
1274,1613,0.1238414856796589,0,84,7,2258
1275,1614,0.1232222782512606,0,85,6,2259
1276,1615,0.1226061668600043,0,87,4,2258
1277,1616,0.1219931360257043,0,84,7,2491
1278,1619,0.1201723732213786,0,87,4,2258
1279,1624,0.1171979571438461,0,87,4,2259
1280,1625,0.1166119673581269,0,84,7,2492
1281,1626,0.1160289075213362,0,84,7,2491
1282,1630,0.113725675765102,0,87,4,2258
1283,1632,0.1125912621493451,0,84,7,2452
1284,1633,0.1120283058385984,0,84,7,2453
1285,1634,0.1114681643094054,0,84,7,2452
1286,1637,0.109804488023567,0,86,5,2141
1287,1638,0.1092554655834491,0,86,5,2142
1288,1640,0.1081656423142542,0,88,3,1831
1289,1643,0.1065512565820087,0,86,5,2142
1290,1645,0.1054884077976032,0,82,9,2375
1291,1647,0.1044361609298221,0,81,10,2686
1292,1651,0.1023630509825572,0,82,9,2685
1293,1654,0.1008352696512612,0,83,8,2646
1294,1655,0.1003310933030049,0,86,5,2452
1295,1657,0.0993302906473074,0,86,5,2451
1296,1658,0.0988336391940709,0,87,4,2140
1297,1660,0.09784777364311,0,86,5,2179
1298,1661,0.0973585347748945,0,85,6,2180
1299,1662,0.09687174210102,0,84,7,2181
1300,1664,0.0959054464735623,0,85,6,1909
1301,1665,0.0954259192411945,0,86,5,1908
1302,1666,0.0949487896449885,0,85,6,1909
1303,1670,0.0930640087554837,0,86,5,1908
1304,1671,0.0925986887117063,0,87,4,1907
1305,1672,0.0921356952681477,0,84,7,1908
1306,1675,0.0907605584993087,0,87,4,1907
1307,1676,0.0903067557068122,0,86,5,1908
1308,1677,0.0898552219282781,0,85,6,2102
1309,1678,0.0894059458186367,0,82,9,2413
1310,1679,0.0889589160895436,0,85,6,2219
1311,1680,0.0885141215090958,0,85,6,2220
1312,1686,0.0858916702022467,0,85,6,2219
1313,1688,0.0850349007919793,0,89,2,1986
1314,1698,0.0808775555864034,0,85,6,1985
1315,1703,0.0788757352411851,0,85,6,2257
1316,1707,0.0773100125080773,0,84,7,2258
1317,1709,0.0765388451333092,0,88,3,2257
1318,1711,0.0757753701531044,0,85,6,2451
1319,1714,0.0746444132816481,0,82,9,2684
1320,1715,0.0742711912152398,0,79,12,2685
1321,1716,0.0738998352591636,0,75,16,2686
1322,1718,0.0731626844024535,0,76,15,2414
1323,1719,0.0727968709804412,0,81,10,2413
1324,1722,0.0717103685814493,0,82,9,2180
1325,1723,0.071351816738542,0,85,6,1986
1326,1724,0.0709950576548493,0,84,7,2258
1327,1726,0.0702868819547422,0,88,3,2257
1328,1730,0.0688916522484289,0,90,1,1985
1329,1735,0.0671864979557861,0,87,4,2179
1330,1737,0.0665163126386771,0,82,9,2180
1331,1738,0.0661837310754837,0,83,8,2181
1332,1739,0.0658528124201063,0,82,9,2180
1333,1741,0.0651959306162158,0,83,8,2181
1334,1742,0.0648699509631347,0,86,5,2180
1335,1743,0.064545601208319,0,89,2,1986
1336,1744,0.0642228732022774,0,90,1,1985
1337,1745,0.063901758836266,0,87,4,2218
1338,1746,0.0635822500420847,0,82,9,2219
1339,1747,0.0632643387918743,0,85,6,1986
1340,1750,0.0623201106273632,0,89,2,1987
1341,1751,0.0620085100742264,0,86,5,1988
1342,1755,0.0607776101837533,0,86,5,1987
1343,1762,0.0586820374961521,0,87,4,2259
1344,1763,0.0583886273086714,0,87,4,2258
1345,1765,0.0578062007512674,0,85,6,2259
1346,1769,0.0566587187993832,0,86,5,1987
1347,1775,0.0549800631382685,0,84,7,2220
1348,1779,0.0538886814293049,0,86,5,1987
1349,1780,0.0536192380221583,0,86,5,1988
1350,1784,0.0525548693713115,0,80,11,1987
1351,1785,0.052292095024455,0,79,12,2220
1352,1786,0.0520306345493327,0,84,7,2221
1353,1790,0.0509978004707303,0,79,12,2220
